<application>
  <component name="ProjectJdkTable">
    <jdk version="2">
      <name value="1.8" />
      <type value="JavaSDK" />
      <version value="version 1.8.0_265" />
      <homePath value="/usr/lib/jvm/java-8-openjdk" />
      <roots>
        <annotationsPath>
          <root type="composite">
            <root url="jar://$APPLICATION_HOME_DIR$/plugins/java/lib/jdkAnnotations.jar!/" type="simple" />
          </root>
        </annotationsPath>
        <classPath>
          <root type="composite">
            <root url="jar:///usr/lib/jvm/java-8-openjdk/jre/lib/charsets.jar!/" type="simple" />
            <root url="jar:///usr/lib/jvm/java-8-openjdk/jre/lib/ext/cldrdata.jar!/" type="simple" />
            <root url="jar:///usr/lib/jvm/java-8-openjdk/jre/lib/ext/dnsns.jar!/" type="simple" />
            <root url="jar:///usr/lib/jvm/java-8-openjdk/jre/lib/ext/jaccess.jar!/" type="simple" />
            <root url="jar:///usr/lib/jvm/java-8-openjdk/jre/lib/ext/localedata.jar!/" type="simple" />
            <root url="jar:///usr/lib/jvm/java-8-openjdk/jre/lib/ext/nashorn.jar!/" type="simple" />
            <root url="jar:///usr/lib/jvm/java-8-openjdk/jre/lib/ext/sunec.jar!/" type="simple" />
            <root url="jar:///usr/lib/jvm/java-8-openjdk/jre/lib/ext/sunjce_provider.jar!/" type="simple" />
            <root url="jar:///usr/lib/jvm/java-8-openjdk/jre/lib/ext/sunpkcs11.jar!/" type="simple" />
            <root url="jar:///usr/lib/jvm/java-8-openjdk/jre/lib/ext/zipfs.jar!/" type="simple" />
            <root url="jar:///usr/lib/jvm/java-8-openjdk/jre/lib/jce.jar!/" type="simple" />
            <root url="jar:///usr/lib/jvm/java-8-openjdk/jre/lib/jfr.jar!/" type="simple" />
            <root url="jar:///usr/lib/jvm/java-8-openjdk/jre/lib/jsse.jar!/" type="simple" />
            <root url="jar:///usr/lib/jvm/java-8-openjdk/jre/lib/management-agent.jar!/" type="simple" />
            <root url="jar:///usr/lib/jvm/java-8-openjdk/jre/lib/resources.jar!/" type="simple" />
            <root url="jar:///usr/lib/jvm/java-8-openjdk/jre/lib/rt.jar!/" type="simple" />
          </root>
        </classPath>
        <javadocPath>
          <root type="composite" />
        </javadocPath>
        <sourcePath>
          <root type="composite">
            <root url="jar:///usr/lib/jvm/java-8-openjdk/tip.zip!/jdk-687fd7c7986d" type="simple" />
            <root url="jar:///usr/lib/jvm/java-8-openjdk/tip.zip!/jdk-687fd7c7986d/make/data/swingbeaninfo" type="simple" />
            <root url="jar:///usr/lib/jvm/java-8-openjdk/tip.zip!/jdk-687fd7c7986d/make/non-build-utils/reorder/tests" type="simple" />
            <root url="jar:///usr/lib/jvm/java-8-openjdk/tip.zip!/jdk-687fd7c7986d/make/non-build-utils/reorder/tools" type="simple" />
            <root url="jar:///usr/lib/jvm/java-8-openjdk/tip.zip!/jdk-687fd7c7986d/make/non-build-utils/sharing/tests" type="simple" />
            <root url="jar:///usr/lib/jvm/java-8-openjdk/tip.zip!/jdk-687fd7c7986d/make/non-build-utils/src" type="simple" />
            <root url="jar:///usr/lib/jvm/java-8-openjdk/tip.zip!/jdk-687fd7c7986d/make/src/classes" type="simple" />
            <root url="jar:///usr/lib/jvm/java-8-openjdk/tip.zip!/jdk-687fd7c7986d/src/macosx/classes" type="simple" />
            <root url="jar:///usr/lib/jvm/java-8-openjdk/tip.zip!/jdk-687fd7c7986d/src/macosx/native/jobjc/src/core/java" type="simple" />
            <root url="jar:///usr/lib/jvm/java-8-openjdk/tip.zip!/jdk-687fd7c7986d/src/macosx/native/jobjc/src/generator/java" type="simple" />
            <root url="jar:///usr/lib/jvm/java-8-openjdk/tip.zip!/jdk-687fd7c7986d/src/macosx/native/jobjc/src/runtime-additions/java" type="simple" />
            <root url="jar:///usr/lib/jvm/java-8-openjdk/tip.zip!/jdk-687fd7c7986d/src/macosx/native/jobjc/src/tests/java" type="simple" />
            <root url="jar:///usr/lib/jvm/java-8-openjdk/tip.zip!/jdk-687fd7c7986d/src/share/classes" type="simple" />
            <root url="jar:///usr/lib/jvm/java-8-openjdk/tip.zip!/jdk-687fd7c7986d/src/share/demo/applets/ArcTest" type="simple" />
            <root url="jar:///usr/lib/jvm/java-8-openjdk/tip.zip!/jdk-687fd7c7986d/src/share/demo/applets/BarChart" type="simple" />
            <root url="jar:///usr/lib/jvm/java-8-openjdk/tip.zip!/jdk-687fd7c7986d/src/share/demo/applets/Blink" type="simple" />
            <root url="jar:///usr/lib/jvm/java-8-openjdk/tip.zip!/jdk-687fd7c7986d/src/share/demo/applets/CardTest" type="simple" />
            <root url="jar:///usr/lib/jvm/java-8-openjdk/tip.zip!/jdk-687fd7c7986d/src/share/demo/applets/Clock" type="simple" />
            <root url="jar:///usr/lib/jvm/java-8-openjdk/tip.zip!/jdk-687fd7c7986d/src/share/demo/applets/DitherTest" type="simple" />
            <root url="jar:///usr/lib/jvm/java-8-openjdk/tip.zip!/jdk-687fd7c7986d/src/share/demo/applets/DrawTest" type="simple" />
            <root url="jar:///usr/lib/jvm/java-8-openjdk/tip.zip!/jdk-687fd7c7986d/src/share/demo/applets/Fractal" type="simple" />
            <root url="jar:///usr/lib/jvm/java-8-openjdk/tip.zip!/jdk-687fd7c7986d/src/share/demo/applets/GraphicsTest" type="simple" />
            <root url="jar:///usr/lib/jvm/java-8-openjdk/tip.zip!/jdk-687fd7c7986d/src/share/demo/applets/MoleculeViewer" type="simple" />
            <root url="jar:///usr/lib/jvm/java-8-openjdk/tip.zip!/jdk-687fd7c7986d/src/share/demo/applets/NervousText" type="simple" />
            <root url="jar:///usr/lib/jvm/java-8-openjdk/tip.zip!/jdk-687fd7c7986d/src/share/demo/applets/SimpleGraph" type="simple" />
            <root url="jar:///usr/lib/jvm/java-8-openjdk/tip.zip!/jdk-687fd7c7986d/src/share/demo/applets/SortDemo" type="simple" />
            <root url="jar:///usr/lib/jvm/java-8-openjdk/tip.zip!/jdk-687fd7c7986d/src/share/demo/applets/SpreadSheet" type="simple" />
            <root url="jar:///usr/lib/jvm/java-8-openjdk/tip.zip!/jdk-687fd7c7986d/src/share/demo/applets/WireFrame" type="simple" />
            <root url="jar:///usr/lib/jvm/java-8-openjdk/tip.zip!/jdk-687fd7c7986d/src/share/demo/java2d/J2DBench/src" type="simple" />
            <root url="jar:///usr/lib/jvm/java-8-openjdk/tip.zip!/jdk-687fd7c7986d/src/share/demo/jfc/CodePointIM" type="simple" />
            <root url="jar:///usr/lib/jvm/java-8-openjdk/tip.zip!/jdk-687fd7c7986d/src/share/demo/jfc/FileChooserDemo" type="simple" />
            <root url="jar:///usr/lib/jvm/java-8-openjdk/tip.zip!/jdk-687fd7c7986d/src/share/demo/jfc/Font2DTest" type="simple" />
            <root url="jar:///usr/lib/jvm/java-8-openjdk/tip.zip!/jdk-687fd7c7986d/src/share/demo/jfc/Metalworks" type="simple" />
            <root url="jar:///usr/lib/jvm/java-8-openjdk/tip.zip!/jdk-687fd7c7986d/src/share/demo/jfc/Notepad" type="simple" />
            <root url="jar:///usr/lib/jvm/java-8-openjdk/tip.zip!/jdk-687fd7c7986d/src/share/demo/jfc/SampleTree" type="simple" />
            <root url="jar:///usr/lib/jvm/java-8-openjdk/tip.zip!/jdk-687fd7c7986d/src/share/demo/jfc/SwingApplet" type="simple" />
            <root url="jar:///usr/lib/jvm/java-8-openjdk/tip.zip!/jdk-687fd7c7986d/src/share/demo/jfc/TableExample" type="simple" />
            <root url="jar:///usr/lib/jvm/java-8-openjdk/tip.zip!/jdk-687fd7c7986d/src/share/demo/jfc/TransparentRuler" type="simple" />
            <root url="jar:///usr/lib/jvm/java-8-openjdk/tip.zip!/jdk-687fd7c7986d/src/share/demo/jvmti/heapTracker" type="simple" />
            <root url="jar:///usr/lib/jvm/java-8-openjdk/tip.zip!/jdk-687fd7c7986d/src/share/demo/jvmti/minst" type="simple" />
            <root url="jar:///usr/lib/jvm/java-8-openjdk/tip.zip!/jdk-687fd7c7986d/src/share/demo/jvmti/mtrace" type="simple" />
            <root url="jar:///usr/lib/jvm/java-8-openjdk/tip.zip!/jdk-687fd7c7986d/src/share/demo/management/FullThreadDump" type="simple" />
            <root url="jar:///usr/lib/jvm/java-8-openjdk/tip.zip!/jdk-687fd7c7986d/src/share/demo/management/JTop" type="simple" />
            <root url="jar:///usr/lib/jvm/java-8-openjdk/tip.zip!/jdk-687fd7c7986d/src/share/demo/management/MemoryMonitor" type="simple" />
            <root url="jar:///usr/lib/jvm/java-8-openjdk/tip.zip!/jdk-687fd7c7986d/src/share/demo/management/VerboseGC" type="simple" />
            <root url="jar:///usr/lib/jvm/java-8-openjdk/tip.zip!/jdk-687fd7c7986d/src/share/demo/nio/zipfs" type="simple" />
            <root url="jar:///usr/lib/jvm/java-8-openjdk/tip.zip!/jdk-687fd7c7986d/src/share/demo/nio/zipfs/src" type="simple" />
            <root url="jar:///usr/lib/jvm/java-8-openjdk/tip.zip!/jdk-687fd7c7986d/src/share/demo/scripting/jconsole-plugin/src" type="simple" />
            <root url="jar:///usr/lib/jvm/java-8-openjdk/tip.zip!/jdk-687fd7c7986d/src/share/doc/stub" type="simple" />
            <root url="jar:///usr/lib/jvm/java-8-openjdk/tip.zip!/jdk-687fd7c7986d/src/share/lib/security" type="simple" />
            <root url="jar:///usr/lib/jvm/java-8-openjdk/tip.zip!/jdk-687fd7c7986d/src/share/sample/annotations/DependencyChecker/PluginChecker/src" type="simple" />
            <root url="jar:///usr/lib/jvm/java-8-openjdk/tip.zip!/jdk-687fd7c7986d/src/share/sample/annotations/DependencyChecker/Plugins/src" type="simple" />
            <root url="jar:///usr/lib/jvm/java-8-openjdk/tip.zip!/jdk-687fd7c7986d/src/share/sample/annotations/Validator/src" type="simple" />
            <root url="jar:///usr/lib/jvm/java-8-openjdk/tip.zip!/jdk-687fd7c7986d/src/share/sample/forkjoin/mergesort" type="simple" />
            <root url="jar:///usr/lib/jvm/java-8-openjdk/tip.zip!/jdk-687fd7c7986d/src/share/sample/jmx/jmx-scandir/src" type="simple" />
            <root url="jar:///usr/lib/jvm/java-8-openjdk/tip.zip!/jdk-687fd7c7986d/src/share/sample/jmx/jmx-scandir/test" type="simple" />
            <root url="jar:///usr/lib/jvm/java-8-openjdk/tip.zip!/jdk-687fd7c7986d/src/share/sample/lambda/BulkDataOperations/src" type="simple" />
            <root url="jar:///usr/lib/jvm/java-8-openjdk/tip.zip!/jdk-687fd7c7986d/src/share/sample/lambda/DefaultMethods" type="simple" />
            <root url="jar:///usr/lib/jvm/java-8-openjdk/tip.zip!/jdk-687fd7c7986d/src/share/sample/nio/chatserver" type="simple" />
            <root url="jar:///usr/lib/jvm/java-8-openjdk/tip.zip!/jdk-687fd7c7986d/src/share/sample/nio/file" type="simple" />
            <root url="jar:///usr/lib/jvm/java-8-openjdk/tip.zip!/jdk-687fd7c7986d/src/share/sample/nio/multicast" type="simple" />
            <root url="jar:///usr/lib/jvm/java-8-openjdk/tip.zip!/jdk-687fd7c7986d/src/share/sample/nio/server" type="simple" />
            <root url="jar:///usr/lib/jvm/java-8-openjdk/tip.zip!/jdk-687fd7c7986d/src/share/sample/scripting/scriptpad/src" type="simple" />
            <root url="jar:///usr/lib/jvm/java-8-openjdk/tip.zip!/jdk-687fd7c7986d/src/share/sample/try-with-resources/src" type="simple" />
            <root url="jar:///usr/lib/jvm/java-8-openjdk/tip.zip!/jdk-687fd7c7986d/src/share/sample/vm/clr-jvm" type="simple" />
            <root url="jar:///usr/lib/jvm/java-8-openjdk/tip.zip!/jdk-687fd7c7986d/src/share/sample/vm/jvm-clr" type="simple" />
            <root url="jar:///usr/lib/jvm/java-8-openjdk/tip.zip!/jdk-687fd7c7986d/src/solaris/classes" type="simple" />
            <root url="jar:///usr/lib/jvm/java-8-openjdk/tip.zip!/jdk-687fd7c7986d/src/solaris/demo/jni/Poller" type="simple" />
            <root url="jar:///usr/lib/jvm/java-8-openjdk/tip.zip!/jdk-687fd7c7986d/src/windows/classes" type="simple" />
            <root url="jar:///usr/lib/jvm/java-8-openjdk/tip.zip!/jdk-687fd7c7986d/test/com/apple/eawt/DefaultMenuBar" type="simple" />
            <root url="jar:///usr/lib/jvm/java-8-openjdk/tip.zip!/jdk-687fd7c7986d/test/com/oracle/net" type="simple" />
            <root url="jar:///usr/lib/jvm/java-8-openjdk/tip.zip!/jdk-687fd7c7986d/test/com/sun/awt/SecurityWarning" type="simple" />
            <root url="jar:///usr/lib/jvm/java-8-openjdk/tip.zip!/jdk-687fd7c7986d/test/com/sun/awt/Translucency" type="simple" />
            <root url="jar:///usr/lib/jvm/java-8-openjdk/tip.zip!/jdk-687fd7c7986d/test/com/sun/corba/cachedSocket" type="simple" />
            <root url="jar:///usr/lib/jvm/java-8-openjdk/tip.zip!/jdk-687fd7c7986d/test/com/sun/corba/se/impl/orb" type="simple" />
            <root url="jar:///usr/lib/jvm/java-8-openjdk/tip.zip!/jdk-687fd7c7986d/test/com/sun/corba/transport" type="simple" />
            <root url="jar:///usr/lib/jvm/java-8-openjdk/tip.zip!/jdk-687fd7c7986d/test/com/sun/crypto/provider/Cipher/AES" type="simple" />
            <root url="jar:///usr/lib/jvm/java-8-openjdk/tip.zip!/jdk-687fd7c7986d/test/com/sun/crypto/provider/Cipher/Blowfish" type="simple" />
            <root url="jar:///usr/lib/jvm/java-8-openjdk/tip.zip!/jdk-687fd7c7986d/test/com/sun/crypto/provider/Cipher/CTR" type="simple" />
            <root url="jar:///usr/lib/jvm/java-8-openjdk/tip.zip!/jdk-687fd7c7986d/test/com/sun/crypto/provider/Cipher/CTS" type="simple" />
            <root url="jar:///usr/lib/jvm/java-8-openjdk/tip.zip!/jdk-687fd7c7986d/test/com/sun/crypto/provider/Cipher/DES" type="simple" />
            <root url="jar:///usr/lib/jvm/java-8-openjdk/tip.zip!/jdk-687fd7c7986d/test/com/sun/crypto/provider/Cipher/KeyWrap" type="simple" />
            <root url="jar:///usr/lib/jvm/java-8-openjdk/tip.zip!/jdk-687fd7c7986d/test/com/sun/crypto/provider/Cipher/PBE" type="simple" />
            <root url="jar:///usr/lib/jvm/java-8-openjdk/tip.zip!/jdk-687fd7c7986d/test/com/sun/crypto/provider/Cipher/RC2ArcFour" type="simple" />
            <root url="jar:///usr/lib/jvm/java-8-openjdk/tip.zip!/jdk-687fd7c7986d/test/com/sun/crypto/provider/Cipher/RSA" type="simple" />
            <root url="jar:///usr/lib/jvm/java-8-openjdk/tip.zip!/jdk-687fd7c7986d/test/com/sun/crypto/provider/Cipher/UTIL" type="simple" />
            <root url="jar:///usr/lib/jvm/java-8-openjdk/tip.zip!/jdk-687fd7c7986d/test/com/sun/crypto/provider/KeyAgreement" type="simple" />
            <root url="jar:///usr/lib/jvm/java-8-openjdk/tip.zip!/jdk-687fd7c7986d/test/com/sun/crypto/provider/KeyFactory" type="simple" />
            <root url="jar:///usr/lib/jvm/java-8-openjdk/tip.zip!/jdk-687fd7c7986d/test/com/sun/crypto/provider/KeyGenerator" type="simple" />
            <root url="jar:///usr/lib/jvm/java-8-openjdk/tip.zip!/jdk-687fd7c7986d/test/com/sun/crypto/provider/Mac" type="simple" />
            <root url="jar:///usr/lib/jvm/java-8-openjdk/tip.zip!/jdk-687fd7c7986d/test/com/sun/crypto/provider/TLS" type="simple" />
            <root url="jar:///usr/lib/jvm/java-8-openjdk/tip.zip!/jdk-687fd7c7986d/test/com/sun/java/swing/plaf/gtk" type="simple" />
            <root url="jar:///usr/lib/jvm/java-8-openjdk/tip.zip!/jdk-687fd7c7986d/test/com/sun/java/swing/plaf/gtk/4928019" type="simple" />
            <root url="jar:///usr/lib/jvm/java-8-openjdk/tip.zip!/jdk-687fd7c7986d/test/com/sun/java/swing/plaf/windows" type="simple" />
            <root url="jar:///usr/lib/jvm/java-8-openjdk/tip.zip!/jdk-687fd7c7986d/test/com/sun/java/swing/plaf/windows/8016551" type="simple" />
            <root url="jar:///usr/lib/jvm/java-8-openjdk/tip.zip!/jdk-687fd7c7986d/test/com/sun/jdi" type="simple" />
            <root url="jar:///usr/lib/jvm/java-8-openjdk/tip.zip!/jdk-687fd7c7986d/test/com/sun/jdi/connect/spi" type="simple" />
            <root url="jar:///usr/lib/jvm/java-8-openjdk/tip.zip!/jdk-687fd7c7986d/test/com/sun/jdi/redefine" type="simple" />
            <root url="jar:///usr/lib/jvm/java-8-openjdk/tip.zip!/jdk-687fd7c7986d/test/com/sun/jdi/sde" type="simple" />
            <root url="jar:///usr/lib/jvm/java-8-openjdk/tip.zip!/jdk-687fd7c7986d/test/com/sun/jmx/remote" type="simple" />
            <root url="jar:///usr/lib/jvm/java-8-openjdk/tip.zip!/jdk-687fd7c7986d/test/com/sun/jmx/snmp" type="simple" />
            <root url="jar:///usr/lib/jvm/java-8-openjdk/tip.zip!/jdk-687fd7c7986d/test/com/sun/jndi/cosnaming" type="simple" />
            <root url="jar:///usr/lib/jvm/java-8-openjdk/tip.zip!/jdk-687fd7c7986d/test/com/sun/jndi/dns" type="simple" />
            <root url="jar:///usr/lib/jvm/java-8-openjdk/tip.zip!/jdk-687fd7c7986d/test/com/sun/jndi/ldap" type="simple" />
            <root url="jar:///usr/lib/jvm/java-8-openjdk/tip.zip!/jdk-687fd7c7986d/test/com/sun/jndi/ldap/LdapName" type="simple" />
            <root url="jar:///usr/lib/jvm/java-8-openjdk/tip.zip!/jdk-687fd7c7986d/test/com/sun/jndi/rmi/registry/RegistryContext" type="simple" />
            <root url="jar:///usr/lib/jvm/java-8-openjdk/tip.zip!/jdk-687fd7c7986d/test/com/sun/management/DiagnosticCommandMBean" type="simple" />
            <root url="jar:///usr/lib/jvm/java-8-openjdk/tip.zip!/jdk-687fd7c7986d/test/com/sun/management/GarbageCollectorMXBean" type="simple" />
            <root url="jar:///usr/lib/jvm/java-8-openjdk/tip.zip!/jdk-687fd7c7986d/test/com/sun/management/HotSpotDiagnosticMXBean" type="simple" />
            <root url="jar:///usr/lib/jvm/java-8-openjdk/tip.zip!/jdk-687fd7c7986d/test/com/sun/management/OperatingSystemMXBean" type="simple" />
            <root url="jar:///usr/lib/jvm/java-8-openjdk/tip.zip!/jdk-687fd7c7986d/test/com/sun/management/ThreadMXBean" type="simple" />
            <root url="jar:///usr/lib/jvm/java-8-openjdk/tip.zip!/jdk-687fd7c7986d/test/com/sun/management/UnixOperatingSystemMXBean" type="simple" />
            <root url="jar:///usr/lib/jvm/java-8-openjdk/tip.zip!/jdk-687fd7c7986d/test/com/sun/net/httpserver" type="simple" />
            <root url="jar:///usr/lib/jvm/java-8-openjdk/tip.zip!/jdk-687fd7c7986d/test/com/sun/net/httpserver/bugs" type="simple" />
            <root url="jar:///usr/lib/jvm/java-8-openjdk/tip.zip!/jdk-687fd7c7986d/test/com/sun/net/httpserver/bugs/6725892" type="simple" />
            <root url="jar:///usr/lib/jvm/java-8-openjdk/tip.zip!/jdk-687fd7c7986d/test/com/sun/nio/sctp" type="simple" />
            <root url="jar:///usr/lib/jvm/java-8-openjdk/tip.zip!/jdk-687fd7c7986d/test/com/sun/nio/sctp/SctpChannel" type="simple" />
            <root url="jar:///usr/lib/jvm/java-8-openjdk/tip.zip!/jdk-687fd7c7986d/test/com/sun/nio/sctp/SctpMultiChannel" type="simple" />
            <root url="jar:///usr/lib/jvm/java-8-openjdk/tip.zip!/jdk-687fd7c7986d/test/com/sun/nio/sctp/SctpServerChannel" type="simple" />
            <root url="jar:///usr/lib/jvm/java-8-openjdk/tip.zip!/jdk-687fd7c7986d/test/com/sun/org/apache/xml/internal/security" type="simple" />
            <root url="jar:///usr/lib/jvm/java-8-openjdk/tip.zip!/jdk-687fd7c7986d/test/com/sun/org/apache/xml/internal/security/exceptions" type="simple" />
            <root url="jar:///usr/lib/jvm/java-8-openjdk/tip.zip!/jdk-687fd7c7986d/test/com/sun/org/apache/xml/internal/security/transforms" type="simple" />
            <root url="jar:///usr/lib/jvm/java-8-openjdk/tip.zip!/jdk-687fd7c7986d/test/com/sun/org/apache/xml/internal/security/utils/UnsyncByteArrayOutputStream" type="simple" />
            <root url="jar:///usr/lib/jvm/java-8-openjdk/tip.zip!/jdk-687fd7c7986d/test/com/sun/security/auth" type="simple" />
            <root url="jar:///usr/lib/jvm/java-8-openjdk/tip.zip!/jdk-687fd7c7986d/test/com/sun/security/auth/callback/DialogCallbackHandler" type="simple" />
            <root url="jar:///usr/lib/jvm/java-8-openjdk/tip.zip!/jdk-687fd7c7986d/test/com/sun/security/auth/callback/TextCallbackHandler" type="simple" />
            <root url="jar:///usr/lib/jvm/java-8-openjdk/tip.zip!/jdk-687fd7c7986d/test/com/sun/security/auth/login/ConfigFile" type="simple" />
            <root url="jar:///usr/lib/jvm/java-8-openjdk/tip.zip!/jdk-687fd7c7986d/test/com/sun/security/auth/module/KeyStoreLoginModule" type="simple" />
            <root url="jar:///usr/lib/jvm/java-8-openjdk/tip.zip!/jdk-687fd7c7986d/test/com/sun/security/auth/module/LdapLoginModule" type="simple" />
            <root url="jar:///usr/lib/jvm/java-8-openjdk/tip.zip!/jdk-687fd7c7986d/test/com/sun/security/jgss" type="simple" />
            <root url="jar:///usr/lib/jvm/java-8-openjdk/tip.zip!/jdk-687fd7c7986d/test/com/sun/security/sasl" type="simple" />
            <root url="jar:///usr/lib/jvm/java-8-openjdk/tip.zip!/jdk-687fd7c7986d/test/com/sun/security/sasl/digest" type="simple" />
            <root url="jar:///usr/lib/jvm/java-8-openjdk/tip.zip!/jdk-687fd7c7986d/test/com/sun/security/sasl/gsskerb" type="simple" />
            <root url="jar:///usr/lib/jvm/java-8-openjdk/tip.zip!/jdk-687fd7c7986d/test/com/sun/security/sasl/ntlm" type="simple" />
            <root url="jar:///usr/lib/jvm/java-8-openjdk/tip.zip!/jdk-687fd7c7986d/test/com/sun/security/sasl/util" type="simple" />
            <root url="jar:///usr/lib/jvm/java-8-openjdk/tip.zip!/jdk-687fd7c7986d/test/com/sun/tools/attach" type="simple" />
            <root url="jar:///usr/lib/jvm/java-8-openjdk/tip.zip!/jdk-687fd7c7986d/test/com/sun/tools/extcheck" type="simple" />
            <root url="jar:///usr/lib/jvm/java-8-openjdk/tip.zip!/jdk-687fd7c7986d/test/com/sun/tracing" type="simple" />
            <root url="jar:///usr/lib/jvm/java-8-openjdk/tip.zip!/jdk-687fd7c7986d/test/jdk/asm" type="simple" />
            <root url="jar:///usr/lib/jvm/java-8-openjdk/tip.zip!/jdk-687fd7c7986d/test/jdk/lambda" type="simple" />
            <root url="jar:///usr/lib/jvm/java-8-openjdk/tip.zip!/jdk-687fd7c7986d/test/lib/security" type="simple" />
            <root url="jar:///usr/lib/jvm/java-8-openjdk/tip.zip!/jdk-687fd7c7986d/test/lib/security/java.policy" type="simple" />
            <root url="jar:///usr/lib/jvm/java-8-openjdk/tip.zip!/jdk-687fd7c7986d/test/lib/testlibrary" type="simple" />
            <root url="jar:///usr/lib/jvm/java-8-openjdk/tip.zip!/jdk-687fd7c7986d/test/sun/awt/AppContext/8012933" type="simple" />
            <root url="jar:///usr/lib/jvm/java-8-openjdk/tip.zip!/jdk-687fd7c7986d/test/sun/awt/AppContext/MultiThread" type="simple" />
            <root url="jar:///usr/lib/jvm/java-8-openjdk/tip.zip!/jdk-687fd7c7986d/test/sun/awt/datatransfer" type="simple" />
            <root url="jar:///usr/lib/jvm/java-8-openjdk/tip.zip!/jdk-687fd7c7986d/test/sun/awt/font" type="simple" />
            <root url="jar:///usr/lib/jvm/java-8-openjdk/tip.zip!/jdk-687fd7c7986d/test/sun/awt/image" type="simple" />
            <root url="jar:///usr/lib/jvm/java-8-openjdk/tip.zip!/jdk-687fd7c7986d/test/sun/awt/image/ImageWatched" type="simple" />
            <root url="jar:///usr/lib/jvm/java-8-openjdk/tip.zip!/jdk-687fd7c7986d/test/sun/awt/image/ImagingLib" type="simple" />
            <root url="jar:///usr/lib/jvm/java-8-openjdk/tip.zip!/jdk-687fd7c7986d/test/sun/misc" type="simple" />
            <root url="jar:///usr/lib/jvm/java-8-openjdk/tip.zip!/jdk-687fd7c7986d/test/sun/misc/Cleaner" type="simple" />
            <root url="jar:///usr/lib/jvm/java-8-openjdk/tip.zip!/jdk-687fd7c7986d/test/sun/misc/Encode" type="simple" />
            <root url="jar:///usr/lib/jvm/java-8-openjdk/tip.zip!/jdk-687fd7c7986d/test/sun/misc/JarIndex" type="simple" />
            <root url="jar:///usr/lib/jvm/java-8-openjdk/tip.zip!/jdk-687fd7c7986d/test/sun/misc/JarIndex/metaInfFilenames" type="simple" />
            <root url="jar:///usr/lib/jvm/java-8-openjdk/tip.zip!/jdk-687fd7c7986d/test/sun/misc/JarIndex/metaInfFilenames/jarA" type="simple" />
            <root url="jar:///usr/lib/jvm/java-8-openjdk/tip.zip!/jdk-687fd7c7986d/test/sun/misc/JarIndex/metaInfFilenames/jarB" type="simple" />
            <root url="jar:///usr/lib/jvm/java-8-openjdk/tip.zip!/jdk-687fd7c7986d/test/sun/misc/JarIndex/metaInfFilenames/jarC" type="simple" />
            <root url="jar:///usr/lib/jvm/java-8-openjdk/tip.zip!/jdk-687fd7c7986d/test/sun/misc/Version" type="simple" />
            <root url="jar:///usr/lib/jvm/java-8-openjdk/tip.zip!/jdk-687fd7c7986d/test/sun/net" type="simple" />
            <root url="jar:///usr/lib/jvm/java-8-openjdk/tip.zip!/jdk-687fd7c7986d/test/sun/net/InetAddress/nameservice/chaining" type="simple" />
            <root url="jar:///usr/lib/jvm/java-8-openjdk/tip.zip!/jdk-687fd7c7986d/test/sun/net/InetAddress/nameservice/deadlock" type="simple" />
            <root url="jar:///usr/lib/jvm/java-8-openjdk/tip.zip!/jdk-687fd7c7986d/test/sun/net/InetAddress/nameservice/dns" type="simple" />
            <root url="jar:///usr/lib/jvm/java-8-openjdk/tip.zip!/jdk-687fd7c7986d/test/sun/net/InetAddress/nameservice/simple" type="simple" />
            <root url="jar:///usr/lib/jvm/java-8-openjdk/tip.zip!/jdk-687fd7c7986d/test/sun/net/ftp" type="simple" />
            <root url="jar:///usr/lib/jvm/java-8-openjdk/tip.zip!/jdk-687fd7c7986d/test/sun/net/idn" type="simple" />
            <root url="jar:///usr/lib/jvm/java-8-openjdk/tip.zip!/jdk-687fd7c7986d/test/sun/net/sdp" type="simple" />
            <root url="jar:///usr/lib/jvm/java-8-openjdk/tip.zip!/jdk-687fd7c7986d/test/sun/net/util" type="simple" />
            <root url="jar:///usr/lib/jvm/java-8-openjdk/tip.zip!/jdk-687fd7c7986d/test/sun/net/www" type="simple" />
            <root url="jar:///usr/lib/jvm/java-8-openjdk/tip.zip!/jdk-687fd7c7986d/test/sun/net/www/ftptest" type="simple" />
            <root url="jar:///usr/lib/jvm/java-8-openjdk/tip.zip!/jdk-687fd7c7986d/test/sun/net/www/http/ChunkedInputStream" type="simple" />
            <root url="jar:///usr/lib/jvm/java-8-openjdk/tip.zip!/jdk-687fd7c7986d/test/sun/net/www/http/ChunkedOutputStream" type="simple" />
            <root url="jar:///usr/lib/jvm/java-8-openjdk/tip.zip!/jdk-687fd7c7986d/test/sun/net/www/http/HttpClient" type="simple" />
            <root url="jar:///usr/lib/jvm/java-8-openjdk/tip.zip!/jdk-687fd7c7986d/test/sun/net/www/http/HttpURLConnection" type="simple" />
            <root url="jar:///usr/lib/jvm/java-8-openjdk/tip.zip!/jdk-687fd7c7986d/test/sun/net/www/http/KeepAliveCache" type="simple" />
            <root url="jar:///usr/lib/jvm/java-8-openjdk/tip.zip!/jdk-687fd7c7986d/test/sun/net/www/http/KeepAliveStream" type="simple" />
            <root url="jar:///usr/lib/jvm/java-8-openjdk/tip.zip!/jdk-687fd7c7986d/test/sun/net/www/httptest" type="simple" />
            <root url="jar:///usr/lib/jvm/java-8-openjdk/tip.zip!/jdk-687fd7c7986d/test/sun/net/www/protocol/file" type="simple" />
            <root url="jar:///usr/lib/jvm/java-8-openjdk/tip.zip!/jdk-687fd7c7986d/test/sun/net/www/protocol/ftp" type="simple" />
            <root url="jar:///usr/lib/jvm/java-8-openjdk/tip.zip!/jdk-687fd7c7986d/test/sun/net/www/protocol/http" type="simple" />
            <root url="jar:///usr/lib/jvm/java-8-openjdk/tip.zip!/jdk-687fd7c7986d/test/sun/net/www/protocol/http/6550798" type="simple" />
            <root url="jar:///usr/lib/jvm/java-8-openjdk/tip.zip!/jdk-687fd7c7986d/test/sun/net/www/protocol/jar" type="simple" />
            <root url="jar:///usr/lib/jvm/java-8-openjdk/tip.zip!/jdk-687fd7c7986d/test/sun/net/www/protocol/jar/jarbug/src" type="simple" />
            <root url="jar:///usr/lib/jvm/java-8-openjdk/tip.zip!/jdk-687fd7c7986d/test/sun/net/www/protocol/mailto" type="simple" />
            <root url="jar:///usr/lib/jvm/java-8-openjdk/tip.zip!/jdk-687fd7c7986d/test/sun/nio/ch" type="simple" />
            <root url="jar:///usr/lib/jvm/java-8-openjdk/tip.zip!/jdk-687fd7c7986d/test/sun/nio/cs" type="simple" />
            <root url="jar:///usr/lib/jvm/java-8-openjdk/tip.zip!/jdk-687fd7c7986d/test/sun/nio/cs/OLD" type="simple" />
            <root url="jar:///usr/lib/jvm/java-8-openjdk/tip.zip!/jdk-687fd7c7986d/test/sun/rmi/log/ReliableLog" type="simple" />
            <root url="jar:///usr/lib/jvm/java-8-openjdk/tip.zip!/jdk-687fd7c7986d/test/sun/rmi/rmic/RMIGenerator" type="simple" />
            <root url="jar:///usr/lib/jvm/java-8-openjdk/tip.zip!/jdk-687fd7c7986d/test/sun/rmi/rmic/classFileVersion" type="simple" />
            <root url="jar:///usr/lib/jvm/java-8-openjdk/tip.zip!/jdk-687fd7c7986d/test/sun/rmi/rmic/classpath" type="simple" />
            <root url="jar:///usr/lib/jvm/java-8-openjdk/tip.zip!/jdk-687fd7c7986d/test/sun/rmi/rmic/covariantReturns" type="simple" />
            <root url="jar:///usr/lib/jvm/java-8-openjdk/tip.zip!/jdk-687fd7c7986d/test/sun/rmi/rmic/defaultStubVersion" type="simple" />
            <root url="jar:///usr/lib/jvm/java-8-openjdk/tip.zip!/jdk-687fd7c7986d/test/sun/rmi/rmic/minimizeWrapperInstances" type="simple" />
            <root url="jar:///usr/lib/jvm/java-8-openjdk/tip.zip!/jdk-687fd7c7986d/test/sun/rmi/rmic/newrmic/equivalence" type="simple" />
            <root url="jar:///usr/lib/jvm/java-8-openjdk/tip.zip!/jdk-687fd7c7986d/test/sun/rmi/rmic/oldjavacRemoved" type="simple" />
            <root url="jar:///usr/lib/jvm/java-8-openjdk/tip.zip!/jdk-687fd7c7986d/test/sun/rmi/runtime/Log/4504153" type="simple" />
            <root url="jar:///usr/lib/jvm/java-8-openjdk/tip.zip!/jdk-687fd7c7986d/test/sun/rmi/runtime/Log/6409194" type="simple" />
            <root url="jar:///usr/lib/jvm/java-8-openjdk/tip.zip!/jdk-687fd7c7986d/test/sun/rmi/runtime/Log/checkLogging" type="simple" />
            <root url="jar:///usr/lib/jvm/java-8-openjdk/tip.zip!/jdk-687fd7c7986d/test/sun/rmi/server/MarshalOutputStream/marshalForeignStub" type="simple" />
            <root url="jar:///usr/lib/jvm/java-8-openjdk/tip.zip!/jdk-687fd7c7986d/test/sun/rmi/transport/proxy" type="simple" />
            <root url="jar:///usr/lib/jvm/java-8-openjdk/tip.zip!/jdk-687fd7c7986d/test/sun/rmi/transport/tcp" type="simple" />
            <root url="jar:///usr/lib/jvm/java-8-openjdk/tip.zip!/jdk-687fd7c7986d/test/sun/rmi/transport/tcp/blockAccept" type="simple" />
            <root url="jar:///usr/lib/jvm/java-8-openjdk/tip.zip!/jdk-687fd7c7986d/test/sun/rmi/transport/tcp/disableMultiplexing" type="simple" />
            <root url="jar:///usr/lib/jvm/java-8-openjdk/tip.zip!/jdk-687fd7c7986d/test/sun/text/resources" type="simple" />
            <root url="jar:///usr/lib/jvm/java-8-openjdk/tip.zip!/jdk-687fd7c7986d/test/sun/text/resources/Collator" type="simple" />
            <root url="jar:///usr/lib/jvm/java-8-openjdk/tip.zip!/jdk-687fd7c7986d/test/sun/text/resources/Format" type="simple" />
            <root url="jar:///usr/lib/jvm/java-8-openjdk/tip.zip!/jdk-687fd7c7986d/test/sun/tools/common" type="simple" />
            <root url="jar:///usr/lib/jvm/java-8-openjdk/tip.zip!/jdk-687fd7c7986d/test/sun/tools/java" type="simple" />
            <root url="jar:///usr/lib/jvm/java-8-openjdk/tip.zip!/jdk-687fd7c7986d/test/sun/tools/jconsole" type="simple" />
            <root url="jar:///usr/lib/jvm/java-8-openjdk/tip.zip!/jdk-687fd7c7986d/test/sun/tools/jhat" type="simple" />
            <root url="jar:///usr/lib/jvm/java-8-openjdk/tip.zip!/jdk-687fd7c7986d/test/sun/tools/jrunscript" type="simple" />
            <root url="jar:///usr/lib/jvm/java-8-openjdk/tip.zip!/jdk-687fd7c7986d/test/sun/tools/jstatd" type="simple" />
            <root url="jar:///usr/lib/jvm/java-8-openjdk/tip.zip!/jdk-687fd7c7986d/test/sun/tools/native2ascii" type="simple" />
            <root url="jar:///usr/lib/jvm/java-8-openjdk/tip.zip!/jdk-687fd7c7986d/test/sun/tools/native2ascii/resources" type="simple" />
            <root url="jar:///usr/lib/jvm/java-8-openjdk/tip.zip!/jdk-687fd7c7986d/test/sun/util/calendar" type="simple" />
            <root url="jar:///usr/lib/jvm/java-8-openjdk/tip.zip!/jdk-687fd7c7986d/test/sun/util/calendar/zi" type="simple" />
            <root url="jar:///usr/lib/jvm/java-8-openjdk/tip.zip!/jdk-687fd7c7986d/test/sun/util/locale/provider" type="simple" />
            <root url="jar:///usr/lib/jvm/java-8-openjdk/tip.zip!/jdk-687fd7c7986d/test/sun/util/logging" type="simple" />
            <root url="jar:///usr/lib/jvm/java-8-openjdk/tip.zip!/jdk-687fd7c7986d/test/sun/util/resources/Calendar" type="simple" />
            <root url="jar:///usr/lib/jvm/java-8-openjdk/tip.zip!/jdk-687fd7c7986d/test/sun/util/resources/Locale" type="simple" />
            <root url="jar:///usr/lib/jvm/java-8-openjdk/tip.zip!/jdk-687fd7c7986d/test/sun/util/resources/TimeZone" type="simple" />
            <root url="jar:///usr/lib/jvm/java-8-openjdk/tip.zip!/jdk-687fd7c7986d/test/vm/verifier" type="simple" />
            <root url="jar:///usr/lib/jvm/java-8-openjdk/tip.zip!/jdk-687fd7c7986d/test/vm/verifier/defaultMethods" type="simple" />
          </root>
        </sourcePath>
      </roots>
      <additional />
    </jdk>
    <jdk version="2">
      <name value="Kotlin SDK" />
      <type value="KotlinSDK" />
      <version value="1.4.10" />
      <homePath value="$KOTLIN_BUNDLED$" />
      <roots>
        <annotationsPath>
          <root type="composite" />
        </annotationsPath>
        <classPath>
          <root type="composite" />
        </classPath>
        <javadocPath>
          <root type="composite" />
        </javadocPath>
        <sourcePath>
          <root type="composite" />
        </sourcePath>
      </roots>
      <additional />
    </jdk>
    <jdk version="2">
      <name value="11" />
      <type value="JavaSDK" />
      <version value="java version &quot;11.0.10&quot;" />
      <homePath value="/usr/lib/jvm/java-11-openjdk" />
      <roots>
        <annotationsPath>
          <root type="composite">
            <root url="jar://$APPLICATION_HOME_DIR$/plugins/java/lib/jdkAnnotations.jar!/" type="simple" />
          </root>
        </annotationsPath>
        <classPath>
          <root type="composite">
            <root url="jrt:///usr/lib/jvm/java-11-openjdk!/java.base" type="simple" />
            <root url="jrt:///usr/lib/jvm/java-11-openjdk!/java.compiler" type="simple" />
            <root url="jrt:///usr/lib/jvm/java-11-openjdk!/java.datatransfer" type="simple" />
            <root url="jrt:///usr/lib/jvm/java-11-openjdk!/java.desktop" type="simple" />
            <root url="jrt:///usr/lib/jvm/java-11-openjdk!/java.instrument" type="simple" />
            <root url="jrt:///usr/lib/jvm/java-11-openjdk!/java.logging" type="simple" />
            <root url="jrt:///usr/lib/jvm/java-11-openjdk!/java.management" type="simple" />
            <root url="jrt:///usr/lib/jvm/java-11-openjdk!/java.management.rmi" type="simple" />
            <root url="jrt:///usr/lib/jvm/java-11-openjdk!/java.naming" type="simple" />
            <root url="jrt:///usr/lib/jvm/java-11-openjdk!/java.net.http" type="simple" />
            <root url="jrt:///usr/lib/jvm/java-11-openjdk!/java.prefs" type="simple" />
            <root url="jrt:///usr/lib/jvm/java-11-openjdk!/java.rmi" type="simple" />
            <root url="jrt:///usr/lib/jvm/java-11-openjdk!/java.scripting" type="simple" />
            <root url="jrt:///usr/lib/jvm/java-11-openjdk!/java.se" type="simple" />
            <root url="jrt:///usr/lib/jvm/java-11-openjdk!/java.security.jgss" type="simple" />
            <root url="jrt:///usr/lib/jvm/java-11-openjdk!/java.security.sasl" type="simple" />
            <root url="jrt:///usr/lib/jvm/java-11-openjdk!/java.smartcardio" type="simple" />
            <root url="jrt:///usr/lib/jvm/java-11-openjdk!/java.sql" type="simple" />
            <root url="jrt:///usr/lib/jvm/java-11-openjdk!/java.sql.rowset" type="simple" />
            <root url="jrt:///usr/lib/jvm/java-11-openjdk!/java.transaction.xa" type="simple" />
            <root url="jrt:///usr/lib/jvm/java-11-openjdk!/java.xml" type="simple" />
            <root url="jrt:///usr/lib/jvm/java-11-openjdk!/java.xml.crypto" type="simple" />
            <root url="jrt:///usr/lib/jvm/java-11-openjdk!/jdk.accessibility" type="simple" />
            <root url="jrt:///usr/lib/jvm/java-11-openjdk!/jdk.aot" type="simple" />
            <root url="jrt:///usr/lib/jvm/java-11-openjdk!/jdk.attach" type="simple" />
            <root url="jrt:///usr/lib/jvm/java-11-openjdk!/jdk.charsets" type="simple" />
            <root url="jrt:///usr/lib/jvm/java-11-openjdk!/jdk.compiler" type="simple" />
            <root url="jrt:///usr/lib/jvm/java-11-openjdk!/jdk.crypto.cryptoki" type="simple" />
            <root url="jrt:///usr/lib/jvm/java-11-openjdk!/jdk.crypto.ec" type="simple" />
            <root url="jrt:///usr/lib/jvm/java-11-openjdk!/jdk.dynalink" type="simple" />
            <root url="jrt:///usr/lib/jvm/java-11-openjdk!/jdk.editpad" type="simple" />
            <root url="jrt:///usr/lib/jvm/java-11-openjdk!/jdk.hotspot.agent" type="simple" />
            <root url="jrt:///usr/lib/jvm/java-11-openjdk!/jdk.httpserver" type="simple" />
            <root url="jrt:///usr/lib/jvm/java-11-openjdk!/jdk.internal.ed" type="simple" />
            <root url="jrt:///usr/lib/jvm/java-11-openjdk!/jdk.internal.jvmstat" type="simple" />
            <root url="jrt:///usr/lib/jvm/java-11-openjdk!/jdk.internal.le" type="simple" />
            <root url="jrt:///usr/lib/jvm/java-11-openjdk!/jdk.internal.opt" type="simple" />
            <root url="jrt:///usr/lib/jvm/java-11-openjdk!/jdk.internal.vm.ci" type="simple" />
            <root url="jrt:///usr/lib/jvm/java-11-openjdk!/jdk.internal.vm.compiler" type="simple" />
            <root url="jrt:///usr/lib/jvm/java-11-openjdk!/jdk.internal.vm.compiler.management" type="simple" />
            <root url="jrt:///usr/lib/jvm/java-11-openjdk!/jdk.jartool" type="simple" />
            <root url="jrt:///usr/lib/jvm/java-11-openjdk!/jdk.javadoc" type="simple" />
            <root url="jrt:///usr/lib/jvm/java-11-openjdk!/jdk.jcmd" type="simple" />
            <root url="jrt:///usr/lib/jvm/java-11-openjdk!/jdk.jconsole" type="simple" />
            <root url="jrt:///usr/lib/jvm/java-11-openjdk!/jdk.jdeps" type="simple" />
            <root url="jrt:///usr/lib/jvm/java-11-openjdk!/jdk.jdi" type="simple" />
            <root url="jrt:///usr/lib/jvm/java-11-openjdk!/jdk.jdwp.agent" type="simple" />
            <root url="jrt:///usr/lib/jvm/java-11-openjdk!/jdk.jfr" type="simple" />
            <root url="jrt:///usr/lib/jvm/java-11-openjdk!/jdk.jlink" type="simple" />
            <root url="jrt:///usr/lib/jvm/java-11-openjdk!/jdk.jshell" type="simple" />
            <root url="jrt:///usr/lib/jvm/java-11-openjdk!/jdk.jsobject" type="simple" />
            <root url="jrt:///usr/lib/jvm/java-11-openjdk!/jdk.jstatd" type="simple" />
            <root url="jrt:///usr/lib/jvm/java-11-openjdk!/jdk.localedata" type="simple" />
            <root url="jrt:///usr/lib/jvm/java-11-openjdk!/jdk.management" type="simple" />
            <root url="jrt:///usr/lib/jvm/java-11-openjdk!/jdk.management.agent" type="simple" />
            <root url="jrt:///usr/lib/jvm/java-11-openjdk!/jdk.management.jfr" type="simple" />
            <root url="jrt:///usr/lib/jvm/java-11-openjdk!/jdk.naming.dns" type="simple" />
            <root url="jrt:///usr/lib/jvm/java-11-openjdk!/jdk.naming.ldap" type="simple" />
            <root url="jrt:///usr/lib/jvm/java-11-openjdk!/jdk.naming.rmi" type="simple" />
            <root url="jrt:///usr/lib/jvm/java-11-openjdk!/jdk.net" type="simple" />
            <root url="jrt:///usr/lib/jvm/java-11-openjdk!/jdk.pack" type="simple" />
            <root url="jrt:///usr/lib/jvm/java-11-openjdk!/jdk.rmic" type="simple" />
            <root url="jrt:///usr/lib/jvm/java-11-openjdk!/jdk.scripting.nashorn" type="simple" />
            <root url="jrt:///usr/lib/jvm/java-11-openjdk!/jdk.scripting.nashorn.shell" type="simple" />
            <root url="jrt:///usr/lib/jvm/java-11-openjdk!/jdk.sctp" type="simple" />
            <root url="jrt:///usr/lib/jvm/java-11-openjdk!/jdk.security.auth" type="simple" />
            <root url="jrt:///usr/lib/jvm/java-11-openjdk!/jdk.security.jgss" type="simple" />
            <root url="jrt:///usr/lib/jvm/java-11-openjdk!/jdk.unsupported" type="simple" />
            <root url="jrt:///usr/lib/jvm/java-11-openjdk!/jdk.unsupported.desktop" type="simple" />
            <root url="jrt:///usr/lib/jvm/java-11-openjdk!/jdk.xml.dom" type="simple" />
            <root url="jrt:///usr/lib/jvm/java-11-openjdk!/jdk.zipfs" type="simple" />
          </root>
        </classPath>
        <javadocPath>
          <root type="composite" />
        </javadocPath>
        <sourcePath>
          <root type="composite">
            <root url="jar:///usr/lib/jvm/java-11-openjdk/lib/src.zip!/java.se" type="simple" />
            <root url="jar:///usr/lib/jvm/java-11-openjdk/lib/src.zip!/jdk.aot" type="simple" />
            <root url="jar:///usr/lib/jvm/java-11-openjdk/lib/src.zip!/jdk.jdi" type="simple" />
            <root url="jar:///usr/lib/jvm/java-11-openjdk/lib/src.zip!/jdk.jfr" type="simple" />
            <root url="jar:///usr/lib/jvm/java-11-openjdk/lib/src.zip!/jdk.net" type="simple" />
            <root url="jar:///usr/lib/jvm/java-11-openjdk/lib/src.zip!/java.rmi" type="simple" />
            <root url="jar:///usr/lib/jvm/java-11-openjdk/lib/src.zip!/java.sql" type="simple" />
            <root url="jar:///usr/lib/jvm/java-11-openjdk/lib/src.zip!/java.xml" type="simple" />
            <root url="jar:///usr/lib/jvm/java-11-openjdk/lib/src.zip!/jdk.jcmd" type="simple" />
            <root url="jar:///usr/lib/jvm/java-11-openjdk/lib/src.zip!/jdk.pack" type="simple" />
            <root url="jar:///usr/lib/jvm/java-11-openjdk/lib/src.zip!/jdk.rmic" type="simple" />
            <root url="jar:///usr/lib/jvm/java-11-openjdk/lib/src.zip!/jdk.sctp" type="simple" />
            <root url="jar:///usr/lib/jvm/java-11-openjdk/lib/src.zip!/java.base" type="simple" />
            <root url="jar:///usr/lib/jvm/java-11-openjdk/lib/src.zip!/jdk.jdeps" type="simple" />
            <root url="jar:///usr/lib/jvm/java-11-openjdk/lib/src.zip!/jdk.jlink" type="simple" />
            <root url="jar:///usr/lib/jvm/java-11-openjdk/lib/src.zip!/jdk.zipfs" type="simple" />
            <root url="jar:///usr/lib/jvm/java-11-openjdk/lib/src.zip!/java.prefs" type="simple" />
            <root url="jar:///usr/lib/jvm/java-11-openjdk/lib/src.zip!/jdk.attach" type="simple" />
            <root url="jar:///usr/lib/jvm/java-11-openjdk/lib/src.zip!/jdk.jshell" type="simple" />
            <root url="jar:///usr/lib/jvm/java-11-openjdk/lib/src.zip!/jdk.jstatd" type="simple" />
            <root url="jar:///usr/lib/jvm/java-11-openjdk/lib/src.zip!/java.naming" type="simple" />
            <root url="jar:///usr/lib/jvm/java-11-openjdk/lib/src.zip!/jdk.editpad" type="simple" />
            <root url="jar:///usr/lib/jvm/java-11-openjdk/lib/src.zip!/jdk.jartool" type="simple" />
            <root url="jar:///usr/lib/jvm/java-11-openjdk/lib/src.zip!/jdk.javadoc" type="simple" />
            <root url="jar:///usr/lib/jvm/java-11-openjdk/lib/src.zip!/jdk.xml.dom" type="simple" />
            <root url="jar:///usr/lib/jvm/java-11-openjdk/lib/src.zip!/java.desktop" type="simple" />
            <root url="jar:///usr/lib/jvm/java-11-openjdk/lib/src.zip!/java.logging" type="simple" />
            <root url="jar:///usr/lib/jvm/java-11-openjdk/lib/src.zip!/jdk.charsets" type="simple" />
            <root url="jar:///usr/lib/jvm/java-11-openjdk/lib/src.zip!/jdk.compiler" type="simple" />
            <root url="jar:///usr/lib/jvm/java-11-openjdk/lib/src.zip!/jdk.dynalink" type="simple" />
            <root url="jar:///usr/lib/jvm/java-11-openjdk/lib/src.zip!/jdk.jconsole" type="simple" />
            <root url="jar:///usr/lib/jvm/java-11-openjdk/lib/src.zip!/jdk.jsobject" type="simple" />
            <root url="jar:///usr/lib/jvm/java-11-openjdk/lib/src.zip!/java.compiler" type="simple" />
            <root url="jar:///usr/lib/jvm/java-11-openjdk/lib/src.zip!/java.net.http" type="simple" />
            <root url="jar:///usr/lib/jvm/java-11-openjdk/lib/src.zip!/jdk.crypto.ec" type="simple" />
            <root url="jar:///usr/lib/jvm/java-11-openjdk/lib/src.zip!/java.scripting" type="simple" />
            <root url="jar:///usr/lib/jvm/java-11-openjdk/lib/src.zip!/jdk.httpserver" type="simple" />
            <root url="jar:///usr/lib/jvm/java-11-openjdk/lib/src.zip!/jdk.jdwp.agent" type="simple" />
            <root url="jar:///usr/lib/jvm/java-11-openjdk/lib/src.zip!/jdk.localedata" type="simple" />
            <root url="jar:///usr/lib/jvm/java-11-openjdk/lib/src.zip!/jdk.management" type="simple" />
            <root url="jar:///usr/lib/jvm/java-11-openjdk/lib/src.zip!/jdk.naming.dns" type="simple" />
            <root url="jar:///usr/lib/jvm/java-11-openjdk/lib/src.zip!/jdk.naming.rmi" type="simple" />
            <root url="jar:///usr/lib/jvm/java-11-openjdk/lib/src.zip!/java.instrument" type="simple" />
            <root url="jar:///usr/lib/jvm/java-11-openjdk/lib/src.zip!/java.management" type="simple" />
            <root url="jar:///usr/lib/jvm/java-11-openjdk/lib/src.zip!/java.sql.rowset" type="simple" />
            <root url="jar:///usr/lib/jvm/java-11-openjdk/lib/src.zip!/java.xml.crypto" type="simple" />
            <root url="jar:///usr/lib/jvm/java-11-openjdk/lib/src.zip!/jdk.internal.ed" type="simple" />
            <root url="jar:///usr/lib/jvm/java-11-openjdk/lib/src.zip!/jdk.internal.le" type="simple" />
            <root url="jar:///usr/lib/jvm/java-11-openjdk/lib/src.zip!/jdk.naming.ldap" type="simple" />
            <root url="jar:///usr/lib/jvm/java-11-openjdk/lib/src.zip!/jdk.unsupported" type="simple" />
            <root url="jar:///usr/lib/jvm/java-11-openjdk/lib/src.zip!/java.smartcardio" type="simple" />
            <root url="jar:///usr/lib/jvm/java-11-openjdk/lib/src.zip!/jdk.internal.opt" type="simple" />
            <root url="jar:///usr/lib/jvm/java-11-openjdk/lib/src.zip!/java.datatransfer" type="simple" />
            <root url="jar:///usr/lib/jvm/java-11-openjdk/lib/src.zip!/jdk.accessibility" type="simple" />
            <root url="jar:///usr/lib/jvm/java-11-openjdk/lib/src.zip!/jdk.hotspot.agent" type="simple" />
            <root url="jar:///usr/lib/jvm/java-11-openjdk/lib/src.zip!/jdk.security.auth" type="simple" />
            <root url="jar:///usr/lib/jvm/java-11-openjdk/lib/src.zip!/jdk.security.jgss" type="simple" />
            <root url="jar:///usr/lib/jvm/java-11-openjdk/lib/src.zip!/java.security.jgss" type="simple" />
            <root url="jar:///usr/lib/jvm/java-11-openjdk/lib/src.zip!/java.security.sasl" type="simple" />
            <root url="jar:///usr/lib/jvm/java-11-openjdk/lib/src.zip!/jdk.internal.vm.ci" type="simple" />
            <root url="jar:///usr/lib/jvm/java-11-openjdk/lib/src.zip!/jdk.management.jfr" type="simple" />
            <root url="jar:///usr/lib/jvm/java-11-openjdk/lib/src.zip!/java.management.rmi" type="simple" />
            <root url="jar:///usr/lib/jvm/java-11-openjdk/lib/src.zip!/java.transaction.xa" type="simple" />
            <root url="jar:///usr/lib/jvm/java-11-openjdk/lib/src.zip!/jdk.crypto.cryptoki" type="simple" />
            <root url="jar:///usr/lib/jvm/java-11-openjdk/lib/src.zip!/jdk.internal.jvmstat" type="simple" />
            <root url="jar:///usr/lib/jvm/java-11-openjdk/lib/src.zip!/jdk.management.agent" type="simple" />
            <root url="jar:///usr/lib/jvm/java-11-openjdk/lib/src.zip!/jdk.scripting.nashorn" type="simple" />
            <root url="jar:///usr/lib/jvm/java-11-openjdk/lib/src.zip!/jdk.unsupported.desktop" type="simple" />
            <root url="jar:///usr/lib/jvm/java-11-openjdk/lib/src.zip!/jdk.internal.vm.compiler" type="simple" />
            <root url="jar:///usr/lib/jvm/java-11-openjdk/lib/src.zip!/jdk.scripting.nashorn.shell" type="simple" />
            <root url="jar:///usr/lib/jvm/java-11-openjdk/lib/src.zip!/jdk.internal.vm.compiler.management" type="simple" />
          </root>
        </sourcePath>
      </roots>
      <additional />
    </jdk>
  </component>
</application>