<application>
  <component name="AppStorage">
    <option name="newTranslationDialogHeight" value="407" />
    <option name="newTranslationDialogWidth" value="637" />
    <option name="newTranslationDialogX" value="1139" />
    <option name="newTranslationDialogY" value="98" />
    <option name="pinNewTranslationDialog" value="true" />
    <histories>
      <item value="Sets the priority for new threads created with this ThreadFactory. @param priority the priority for new Threads created with this ThreadFactory @return this for the builder pattern" />
      <item value="Sets the priority for new threads created with this ThreadFactory. @param priority the priority for new Threads created with this ThreadFactory @return this for the builder pattern */" />
      <item value="Sets daemon or not for new threads created with this ThreadFactory." />
      <item value="get Heartbeat Executor Exponential Back Off Bound" />
      <item value="get Lease Info" />
      <item value="Timed Supervisor Task" />
      <item value="test Eureka Client Periodic Heartbeat" />
      <item value="Default Eureka Server Config Test" />
      <item value="test Remote Region Urls With Name 2 Regions" />
      <item value="Test REST layer of client/server communication. This test instantiates fully configured Jersey container, which is essential to verifying content encoding/decoding with different format types (JSON vs XML, compressed vs uncompressed)." />
      <item value="consulting" />
      <item value="A reentrant mutual exclusion {@link Lock} with the same basic behavior and semantics as the implicit monitor lock accessed using {@code synchronized} methods and statements, but with extended capabilities." />
      <item value="WARNING: Be aware of vulnerabilities due to unsafe Java deserialization: Manipulated input streams could lead to unwanted code execution on the server during the deserialization step. As a consequence, do not expose HTTP invoker endpoints to untrusted clients but rather just between your own services. In general, we strongly recommend any other message format (e.g. JSON) instead." />
      <item value="Serializes remote invocation objects and deserializes remote invocation result objects. Uses Java serialization just like RMI, but provides the same ease of setup as Caucho's HTTP-based Hessian protocol." />
      <item value="Static {@link org.springframework.web.context.WebApplicationContext} implementation for testing. Not intended for use in production applications. Implements the {@link org.springframework.web.context.ConfigurableWebApplicationContext} interface to allow for direct replacement of an {@link XmlWebApplicationContext}, despite not actually supporting external configuration files. Interprets resource paths as servlet context resources, i.e. as paths beneath the web application root. Absolute paths, e.g. for files outside the web app root, can be accessed via &quot;file:&quot; URLs, as implemented by {@link org.springframework.core.io.DefaultResourceLoader}. In addition to the special beans detected by {@link org.springframework.context.support.AbstractApplicationContext}, this class detects a bean of type {@link org.springframework.ui.context.ThemeSource} in the context, under the special bean name &quot;themeSource&quot;." />
      <item value="Obtain the Spring root web application context for the current thread (i.e. for the current thread's context ClassLoader, which needs to be the web application's ClassLoader). @return the current root web application context, or {@code null}" />
      <item value="Deserializes remote invocation objects and serializes remote invocation result objects. Uses Java serialization just like RMI, but provides the same ease of setup as Caucho's HTTP-based Hessian protocol." />
      <item value="Servlet-API-based HTTP request handler that exports the specified service bean as HTTP invoker service endpoint, accessible via an HTTP invoker proxy. Deserializes remote invocation objects and serializes remote invocation result objects. Uses Java serialization just like RMI, but provides the same ease of setup as Caucho's HTTP-based Hessian protocol. HTTP invoker is the recommended protocol for Java-to-Java remoting. It is more powerful and more extensible than Hessian, at the expense of being tied to Java. Nevertheless, it is as easy to set up as Hessian, which is its main advantage compared to RMI. WARNING: Be aware of vulnerabilities due to unsafe Java deserialization: Manipulated input streams could lead to unwanted code execution on the server during the deserialization step. As a consequence, do not expose HTTP invoker endpoints to untrusted clients but rather just between your own services. In general, we strongly recommend any other message format (e.g. JSON) instead." />
      <item value="The smallest table capacity for which bins may be treeified. (Otherwise the table is resized if too many nodes in a bin.) Should be at least 4 TREEIFY_THRESHOLD to avoid conflicts between resizing and treeification thresholds." />
      <item value="Splits nodes in a tree bin into lower and upper tree bins, or untreeifies if now too small. Called only from resize; see above discussion about split bits and indices." />
      <item value="The bin count threshold for untreeifying a (split) bin during a resize operation. Should be less than TREEIFY_THRESHOLD, and at most 6 to mesh with shrinkage detection under removal." />
      <item value="Removes the given node, that must be present before this call. This is messier than typical red-black deletion code because we cannot swap the contents of an interior node with a leaf successor that is pinned by &quot;next&quot; pointers that are accessible independently during traversal. So instead we swap the tree linkages. If the current tree appears to have too few nodes, the bin is converted back to a plain bin. (The test triggers somewhere between 2 and 6 nodes, depending on tree structure)." />
      <item value="threshold" />
      <item value="Additionally, if the table array has not been allocated, this field holds the initial array capacity, or zero signifying DEFAULT_INITIAL_CAPACITY.)" />
      <item value="The table, initialized on first use, and resized as necessary. When allocated, length is always a power of two. (We also tolerate length zero in some operations to allow bootstrapping mechanics that are currently not needed.)" />
      <item value="possibly remove eldest" />
      <item value="evict" />
      <item value="if false, the table is in creation mode." />
      <item value="put Val" />
      <item value="aka 16" />
      <item value="Returns a power of two size for the given target capacity." />
      <item value="you can redistribute it and/or modify it under the terms of the GNU General Public License version 2 only, as published by the Free Software Foundation. Oracle designates this particular file as subject to the &quot;Classpath&quot; exception as provided by Oracle in the LICENSE file that accompanied this code." />
      <item value="Returns a new CompletableFuture that is completed when all of the given CompletableFutures complete. If any of the given CompletableFutures complete exceptionally, then the returned CompletableFuture also does so, with a CompletionException holding this exception as its cause. Otherwise, the results, if any, of the given CompletableFutures are not reflected in the returned CompletableFuture, but may be obtained by inspecting them individually. If no CompletableFutures are provided, returns a CompletableFuture completed with the value" />
      <item value="Starts the given async task using the given executor, unless the executor is ForkJoinPool.commonPool and it has been disabled, in which case starts a new thread." />
      <item value="Async" />
      <item value="fetch Goods" />
      <item value="Typical usage is registering all bean definitions first (possibly read from a bean definition file), before accessing beans. Bean lookup by name is therefore an inexpensive operation in a local bean definition table, operating on pre-resolved bean definition metadata objects." />
      <item value="Spring's default implementation of the {@link ConfigurableListableBeanFactory} and {@link BeanDefinitionRegistry} interfaces: a full-fledged bean factory based on bean definition metadata, extensible through post-processors." />
      <item value="Return the names of all beans defined in this registry." />
      <item value="Return the number of beans defined in the registry." />
      <item value="registry" />
      <item value="Spring's bean definition readers expect to work on an implementation of this interface. Known implementors within the Spring core are DefaultListableBeanFactory and GenericApplicationContext." />
      <item value="This is the only interface in Spring's bean factory packages that encapsulates registration of bean definitions. The standard BeanFactory interfaces only cover access to a fully configured factory instance." />
      <item value="&lt;p&gt;This is the only interface in Spring's bean factory packages that encapsulates &lt;i&gt;registration&lt;i&gt; of bean definitions. The standard BeanFactory interfaces only cover access to a &lt;i&gt;fully configured factory instance&lt;i&gt;." />
      <item value="Interface for registries that hold bean definitions, for example RootBeanDefinition and ChildBeanDefinition instances. Typically implemented by BeanFactories that internally work with the AbstractBeanDefinition hierarchy." />
      <item value="Typically" />
      <item value="hierarchy" />
      <item value="Return the aliases for the given name, if defined." />
      <item value="Determine whether this given name is defines as an alias" />
      <item value="Remove the specified alias from this registry." />
    </histories>
    <option name="languageScores">
      <map>
        <entry key="CHINESE" value="63" />
        <entry key="ENGLISH" value="65" />
      </map>
    </option>
  </component>
  <component name="Cache">
    <option name="lastTrimTime" value="1614765705900" />
  </component>
  <component name="Settings">
    <option name="ignoreRegex" value="\/\*\*|\/\/|\*\s|\*\/|\&lt;.*?\&gt;" />
    <option name="targetLanguageSelection" value="LAST" />
    <option name="translateDocumentation" value="true" />
  </component>
</application>